age,sex,bmi,children,smoker,region,expenses
19,female,27.9,0,yes,southwest,337.7
18,male,33.8,1,no,southeast,34.51
28,male,33.0,3,no,southeast,88.99
33,male,22.7,0,no,northwest,439.69
32,male,28.9,0,no,northwest,77.34
31,female,25.7,0,no,southeast,75.13
46,female,33.4,1,no,southeast,164.81
37,female,27.7,3,no,northwest,145.63
37,male,29.8,2,no,northeast,128.13
60,female,25.8,0,no,northwest,578.46
25,male,26.2,0,no,northeast,54.43
62,female,26.3,0,yes,southeast,556.17
23,male,34.4,0,no,southwest,36.54
56,female,39.8,0,no,southeast,221.81
27,male,42.1,0,yes,southeast,792.24
19,male,24.6,1,no,southwest,36.74
52,female,30.8,1,no,northeast,215.95
23,male,23.8,0,no,northeast,47.9
56,male,40.3,0,no,southwest,212.05
30,male,35.3,0,yes,southwest,736.75
60,female,36.0,0,no,northeast,264.58
30,female,32.4,1,no,southwest,82.99
18,male,34.1,0,no,southeast,22.74
34,female,31.9,1,yes,northeast,754.04
37,male,28.0,2,no,northwest,124.08
59,female,27.7,3,no,southeast,280.02
63,female,23.1,0,no,northeast,289.04
55,female,32.8,2,no,northwest,245.37
23,male,17.4,1,no,northwest,55.5
31,male,36.3,2,yes,southwest,774.22
22,male,35.6,0,yes,southwest,711.71
18,female,26.3,0,no,northeast,43.96
19,female,28.6,5,no,southwest,93.76
63,male,28.3,0,no,northwest,275.4
28,male,36.4,1,yes,southwest,1023.89
19,male,20.4,0,no,northwest,32.51
62,female,33.0,3,no,northwest,312.24
26,male,20.8,0,no,southwest,46.05
35,male,36.7,1,yes,northeast,795.49
60,male,39.9,0,yes,southwest,963.47
24,female,26.6,0,no,northeast,60.92
31,female,36.6,2,no,southeast,99.0
41,male,21.8,1,no,southeast,125.45
37,female,30.8,2,no,southeast,126.28
38,male,37.1,1,no,northeast,121.59
55,male,37.3,0,no,southwest,412.61
18,female,38.7,2,no,northeast,67.87
28,female,34.8,0,no,northwest,71.14
60,female,24.5,0,no,southeast,252.6
36,male,35.2,1,yes,southeast,774.18
18,female,35.6,0,no,northeast,44.22
21,female,33.6,2,no,northwest,71.6
48,male,28.0,1,yes,southwest,471.37
36,male,34.4,0,yes,southeast,754.85
40,female,28.7,3,no,northwest,161.19
58,male,37.0,2,yes,northwest,949.93
58,female,31.8,2,no,northeast,272.15
18,male,31.7,2,yes,southeast,686.06
53,female,22.9,1,yes,southeast,464.9
34,female,37.3,2,no,northwest,119.79
43,male,27.4,3,no,northeast,172.12
25,male,33.7,4,no,southeast,90.09
64,male,24.7,1,no,northwest,603.33
28,female,25.9,1,no,northwest,82.67
20,female,22.4,0,yes,northwest,294.23
19,female,28.9,0,no,southwest,34.86
61,female,39.1,2,no,southwest,284.7
40,male,26.3,1,no,northwest,127.79
40,female,36.2,0,no,southeast,118.4
28,male,24.0,3,yes,southeast,353.26
27,female,24.8,0,yes,southeast,331.56
31,male,28.5,5,no,northeast,135.99
53,female,28.1,3,no,southwest,234.83
58,male,32.0,1,no,southeast,238.93
44,male,27.4,2,no,southwest,154.54
57,male,34.0,0,no,northwest,227.13
29,female,29.6,1,no,southeast,78.95
21,male,35.5,0,no,southeast,30.65
22,female,39.8,0,no,northeast,55.1
41,female,33.0,0,no,northwest,131.42
31,male,26.9,1,no,northeast,88.82
45,female,38.3,0,no,northeast,158.71
22,male,37.6,1,yes,southeast,743.3
48,female,41.2,4,no,northwest,220.67
37,female,34.8,2,yes,southwest,796.73
45,male,22.9,2,yes,northwest,421.97
57,female,31.2,0,yes,northwest,871.58
56,female,27.2,0,no,southwest,221.46
46,female,27.7,0,no,northwest,160.53
55,female,27.0,0,no,northwest,221.65
21,female,39.5,0,no,southeast,40.54
53,female,24.8,1,no,northwest,218.84
59,male,29.8,3,yes,northeast,603.7
35,male,34.8,2,no,northwest,114.58
64,female,31.3,2,yes,southwest,945.82
28,female,37.6,1,no,southeast,75.34
54,female,30.8,3,no,southwest,242.11
55,male,38.3,0,no,southeast,204.53
56,male,20.0,0,yes,northeast,448.25
38,male,19.3,0,yes,southwest,316.41
41,female,31.6,0,no,southwest,123.72
30,male,25.5,0,no,northeast,72.9
18,female,30.1,0,no,northeast,426.9
61,female,29.9,3,yes,southeast,618.84
34,female,27.5,1,no,southwest,100.08
20,male,28.0,1,yes,northwest,351.21
19,female,28.4,1,no,southwest,46.63
26,male,30.9,2,no,northwest,77.55
29,male,27.9,0,no,southeast,57.34
63,male,35.1,0,yes,southeast,941.11
54,male,33.6,1,no,northwest,216.5
55,female,29.7,2,no,southwest,237.63
37,male,30.8,0,no,southwest,92.94
21,female,35.7,0,no,northwest,48.09
52,male,32.2,3,no,northeast,229.77
60,male,28.6,0,no,northeast,605.2
58,male,49.1,0,no,southeast,227.63
29,female,27.9,1,yes,southeast,382.16
49,female,27.2,0,no,southeast,172.03
37,female,23.4,2,no,northwest,133.73
44,male,37.1,2,no,southwest,154.81
18,male,23.8,0,no,northeast,34.11
20,female,29.0,0,no,northwest,45.15
44,male,31.4,1,yes,northeast,791.13
47,female,33.9,3,no,northwest,202.3
26,female,28.8,0,no,northeast,67.71
19,female,28.3,0,yes,southwest,341.62
52,female,37.4,0,no,southwest,192.69
32,female,17.8,2,yes,northwest,654.68
38,male,34.7,2,no,southwest,121.65
59,female,26.5,0,no,northeast,256.31
61,female,22.0,0,no,northeast,272.33
53,female,35.9,2,no,southwest,223.27
19,male,25.6,0,no,northwest,32.65
20,female,28.8,0,no,northeast,49.14
22,female,28.1,0,no,southeast,43.11
19,male,34.1,0,no,southwest,25.23
22,male,25.2,0,no,northwest,40.91
54,female,31.9,3,no,southeast,546.45
22,female,36.0,0,no,southwest,43.33
34,male,22.4,2,no,northeast,547.52
26,male,32.5,1,no,northeast,69.81
34,male,25.3,2,yes,southeast,379.45
29,male,29.7,2,no,northwest,363.16
30,male,28.7,3,yes,northwest,414.92
29,female,38.8,3,no,southeast,102.77
46,male,30.5,3,yes,northwest,814.41
51,female,37.7,1,no,southeast,197.55
53,female,37.4,1,no,northwest,219.19
19,male,28.4,1,no,southwest,36.85
35,male,24.1,1,no,northwest,102.5
48,male,29.7,0,no,southeast,155.79
32,female,37.1,3,no,northeast,126.69
42,female,23.4,0,yes,northeast,399.3
40,female,25.5,1,no,northeast,141.54
44,male,39.5,0,no,northwest,138.97
48,male,24.4,0,yes,southeast,424.47
18,male,25.2,0,yes,northeast,310.36
30,male,35.5,0,yes,southeast,739.01
50,female,27.8,3,no,southeast,394.99
42,female,26.6,0,yes,northwest,426.97
18,female,36.9,0,yes,southeast,722.99
54,male,39.6,1,no,southwest,209.01
32,female,29.8,2,no,southwest,103.04
37,male,29.6,0,no,northwest,100.56
47,male,28.2,4,no,northeast,208.14
20,female,37.0,5,no,southwest,96.61
32,female,33.2,3,no,northwest,122.58
19,female,31.8,1,no,northwest,54.39
27,male,18.9,3,no,northeast,96.56
63,male,41.5,0,no,southeast,268.11
49,male,30.3,0,no,southwest,162.33
18,male,16.0,0,no,northeast,33.9
35,female,34.8,1,no,southwest,104.92
24,female,33.3,0,no,northwest,57.11
63,female,37.7,0,yes,southwest,976.49
38,male,27.8,2,no,northwest,129.12
54,male,29.2,1,no,southwest,208.72
46,female,28.9,2,no,southwest,176.47
41,female,33.2,3,no,northeast,170.77
58,male,28.6,0,no,northwest,234.72
18,female,38.3,0,no,southeast,32.64
22,male,20.0,3,no,northeast,80.11
44,female,26.4,0,no,northwest,148.39
44,male,30.7,2,no,southeast,154.63
36,male,41.9,3,yes,northeast,875.07
26,female,29.9,2,no,southeast,79.64
30,female,30.9,3,no,southwest,106.51
41,female,32.2,1,no,southwest,135.52
29,female,32.1,2,no,northwest,98.46
61,male,31.6,0,no,southeast,251.15
36,female,26.2,0,no,southwest,97.68
25,male,25.7,0,no,southeast,42.75
56,female,26.6,1,no,northwest,240.89
18,male,34.4,0,no,southeast,22.75
19,male,30.6,0,no,northwest,32.79
39,female,32.8,0,no,southwest,112.99
45,female,28.6,2,no,southeast,170.34
51,female,18.1,0,no,northwest,192.88
64,female,39.3,0,no,northeast,298.03
19,female,32.1,0,no,northwest,42.61
48,female,32.2,1,no,southeast,177.42
60,female,24.0,0,no,northwest,260.24
27,female,36.1,0,yes,southeast,742.68
46,male,22.3,0,no,southwest,142.94
28,female,28.9,1,no,northeast,86.75
59,male,26.4,0,no,southeast,234.87
35,male,27.7,2,yes,northeast,419.68
63,female,31.8,0,no,southwest,277.62
40,male,41.2,1,no,northeast,132.2
20,male,33.0,1,no,southwest,39.6
40,male,30.9,4,no,northwest,163.25
24,male,28.5,2,no,northwest,70.75
34,female,26.7,1,no,southeast,100.06
45,female,30.9,2,no,southwest,170.4
41,female,37.1,2,no,southwest,147.44
53,female,26.6,0,no,northwest,207.11
27,male,23.1,0,no,southeast,49.67
26,female,29.9,1,no,southeast,67.86
24,female,23.2,0,no,southeast,501.64
34,female,33.7,1,no,southwest,100.25
53,female,33.3,0,no,northeast,211.3
32,male,30.8,3,no,southwest,105.07
19,male,34.8,0,yes,southwest,695.59
42,male,24.6,0,yes,southeast,390.31
55,male,33.9,3,no,southeast,239.74
28,male,38.1,0,no,southeast,53.79
58,female,41.9,0,no,southeast,484.55
41,female,31.6,1,no,northeast,147.16
47,male,25.5,2,no,northeast,184.51
42,female,36.2,1,no,northwest,148.87
59,female,27.8,3,no,southeast,280.03
19,female,17.8,0,no,southwest,34.56
59,male,27.5,1,no,southwest,246.68
39,male,24.5,2,no,northwest,134.2
40,female,22.2,2,yes,southeast,388.89
18,female,26.7,0,no,southeast,32.32
31,male,38.4,2,no,southeast,89.26
19,male,29.1,0,yes,northwest,347.05
44,male,38.1,1,no,southeast,143.05
23,female,36.7,2,yes,northeast,770.23
33,female,22.1,1,no,northeast,107.08
55,female,26.8,1,no,southwest,703.2
40,male,35.3,3,no,southwest,143.94
63,female,27.7,0,yes,northeast,590.46
54,male,30.0,0,no,northwest,489.53
60,female,38.1,0,no,southeast,252.97
24,male,35.9,0,no,southeast,39.74
19,male,20.9,1,no,southwest,36.64
29,male,29.0,1,no,northeast,80.81
18,male,17.3,2,yes,northeast,256.59
63,female,32.2,2,yes,southwest,946.11
54,male,34.2,2,yes,southeast,885.22
27,male,30.3,3,no,southwest,85.21
50,male,31.8,0,yes,northeast,821.94
55,female,25.4,3,no,northeast,260.95
56,male,33.6,0,yes,northwest,878.42
38,female,40.2,0,no,southeast,108.02
51,male,24.4,4,no,northwest,230.4
19,male,31.9,0,yes,northwest,675.01
58,female,25.2,0,no,southwest,236.74
20,female,26.8,1,yes,southeast,341.71
52,male,24.3,3,yes,northeast,497.4
19,male,37.0,0,yes,northwest,724.39
53,female,38.1,3,no,southeast,409.26
46,male,42.4,3,yes,southeast,923.02
40,male,19.8,1,yes,southeast,343.59
59,female,32.4,3,no,northeast,291.81
45,male,30.2,1,no,southwest,148.82
49,male,25.8,1,no,northeast,185.65
18,male,29.4,1,no,southeast,34.39
50,male,34.2,2,yes,southwest,857.14
41,male,37.1,2,no,northwest,145.31
50,male,27.5,1,no,northeast,192.35
25,male,27.6,0,no,northwest,50.46
47,female,26.6,2,no,northeast,194.32
19,male,20.6,2,no,northwest,56.07
22,female,24.3,0,no,southwest,43.01
59,male,31.8,2,no,southeast,258.58
51,female,21.6,1,no,southeast,197.1
40,female,28.1,1,yes,northeast,446.63
54,male,40.6,3,yes,northeast,970.98
30,male,27.6,1,no,northeast,84.74
55,female,32.4,1,no,northeast,237.58
52,female,31.2,0,no,southwest,192.52
46,male,26.6,1,no,southeast,154.84
46,female,48.1,2,no,northeast,188.66
63,female,26.2,0,no,northwest,285.12
59,female,36.8,1,yes,northeast,957.94
52,male,26.4,3,no,southeast,519.86
28,female,33.4,0,no,southwest,63.44
29,male,29.6,1,no,northeast,405.56
25,male,45.5,2,yes,southeast,842.24
22,female,28.8,0,no,southeast,43.13
25,male,26.8,3,no,southwest,78.12
18,male,23.0,0,no,northeast,34.09
19,male,27.7,0,yes,southwest,325.96
47,male,25.4,1,yes,southeast,439.57
31,male,34.4,3,yes,northwest,774.93
48,female,28.9,1,no,northwest,184.99
36,male,27.6,3,no,northeast,134.93
53,female,22.6,3,yes,northeast,497.47
56,female,37.5,2,no,southeast,245.31
28,female,33.0,2,no,southeast,86.99
57,female,38.0,2,no,southwest,252.92
29,male,33.3,2,no,northwest,388.85
28,female,27.5,2,no,southwest,403.55
30,female,33.3,1,no,southeast,83.02
58,male,34.9,0,no,northeast,238.89
41,female,33.1,2,no,northwest,154.98
50,male,26.6,0,no,southwest,168.89
19,female,24.7,0,no,southwest,34.75
43,male,36.0,3,yes,southeast,842.49
49,male,35.9,0,no,southeast,162.49
27,female,31.4,0,yes,southwest,696.78
52,male,33.3,0,no,northeast,194.46
50,male,32.2,0,no,northwest,176.71
54,male,32.8,0,no,northeast,208.7
44,female,27.6,0,no,northwest,148.42
32,male,37.3,1,no,northeast,93.35
34,male,25.3,1,no,northwest,97.89
26,female,29.6,4,no,northeast,493.43
34,male,30.8,0,yes,southwest,709.83
57,male,40.9,0,no,northeast,231.33
29,male,27.2,0,no,southwest,57.32
40,male,34.1,1,no,northeast,132.0
27,female,23.2,1,no,southeast,71.24
45,male,36.5,2,yes,northwest,855.21
64,female,33.8,1,yes,southwest,958.56
52,male,36.7,0,no,southwest,182.89
61,female,36.4,1,yes,northeast,970.35
52,male,27.4,0,yes,northwest,487.87
61,female,31.2,0,no,northwest,268.58
56,female,28.8,0,no,northeast,233.17
43,female,35.7,2,no,northeast,382.89
64,male,34.5,0,no,southwest,276.46
60,male,25.7,0,no,southeast,242.85
62,male,27.6,1,no,northwest,278.75
50,male,32.3,1,yes,northeast,838.38
46,female,27.7,1,no,southeast,164.65
24,female,27.6,0,no,southwest,379.1
62,male,30.0,0,no,northwest,267.04
60,female,27.6,0,no,northeast,264.34
63,male,36.8,0,no,northeast,279.64
49,female,41.5,4,no,southeast,219.54
34,female,29.3,3,no,southeast,123.69
33,male,35.8,2,no,southeast,97.8
46,male,33.3,1,no,northeast,166.69
36,female,29.9,1,no,southeast,109.56
19,male,27.8,0,no,northwest,32.71
57,female,23.2,0,no,northwest,236.61
50,female,25.6,0,no,southwest,178.64
30,female,27.7,0,no,southwest,71.08
33,male,35.2,0,no,northeast,248.1
18,female,38.3,0,no,southeast,282.66
46,male,27.6,0,no,southwest,492.06
46,male,43.9,3,no,southeast,178.88
47,male,29.8,3,no,northwest,192.41
23,male,41.9,0,no,southeast,36.75
18,female,20.8,0,no,southeast,32.15
48,female,32.3,2,no,northeast,200.87
35,male,30.5,1,no,southwest,95.02
19,female,21.7,0,yes,southwest,276.89
21,female,26.4,1,no,southwest,51.96
21,female,21.9,2,no,southeast,63.61
49,female,30.8,1,no,northeast,195.57
56,female,32.3,3,no,northeast,268.61
42,female,25.0,2,no,northwest,160.34
44,male,32.0,2,no,northwest,162.33
18,male,30.4,3,no,northeast,69.64
61,female,21.1,0,no,northwest,268.3
57,female,22.2,0,no,northeast,240.59
42,female,33.2,1,no,northeast,152.79
26,male,32.9,2,yes,southwest,721.7
20,male,33.3,0,no,southeast,27.83
23,female,28.3,0,yes,northwest,360.68
39,female,24.9,3,yes,northeast,433.2
24,male,40.2,0,yes,southeast,762.52
64,female,30.1,3,no,northwest,329.11
62,male,31.5,1,no,southeast,540.02
27,female,18.0,2,yes,northeast,300.13
55,male,30.7,0,yes,northeast,846.07
55,male,33.0,0,no,southeast,415.63
35,female,43.3,2,no,southeast,116.94
44,male,22.1,2,no,northeast,166.05
19,male,34.4,0,no,southwest,25.24
58,female,39.1,0,no,southeast,237.13
50,male,25.4,2,no,northwest,605.69
26,female,22.6,0,no,northwest,63.54
24,female,30.2,3,no,northwest,92.36
48,male,35.6,4,no,northeast,214.74
19,female,37.4,0,no,northwest,42.76
48,male,31.4,1,no,northeast,179.28
49,male,31.4,1,no,northeast,185.8
46,female,32.3,2,no,northeast,188.22
46,male,19.9,0,no,northwest,150.53
43,female,34.4,3,no,southwest,170.44
21,male,31.0,0,no,southeast,331.73
64,male,25.6,2,no,southwest,299.77
18,female,38.2,0,no,southeast,32.63
51,female,20.6,0,no,southwest,185.3
47,male,47.5,1,no,southeast,161.68
64,female,33.0,0,no,northwest,293.85
49,male,32.3,3,no,northwest,205.39
31,male,20.4,0,no,southwest,65.2
52,female,38.4,2,no,northeast,227.94
33,female,24.3,0,no,southeast,83.7
47,female,23.6,1,no,southwest,170.79
38,male,21.1,3,no,southeast,133.05
32,male,30.0,1,no,southeast,81.49
19,male,17.5,0,no,northwest,32.43
44,female,20.2,1,yes,northeast,391.9
26,female,17.2,2,yes,northeast,289.11
25,male,23.9,5,no,southwest,101.6
19,female,35.2,0,no,northwest,42.7
43,female,35.6,1,no,southeast,146.91
52,male,34.1,0,no,southeast,182.82
36,female,22.6,2,yes,southwest,372.17
64,male,39.2,1,no,southeast,288.37
63,female,27.0,0,yes,northwest,579.01
64,male,33.9,0,yes,southeast,937.79
61,male,35.9,0,yes,southeast,931.98
40,male,32.8,1,yes,northeast,782.51
25,male,30.6,0,no,northeast,54.55
48,male,30.2,2,no,southwest,179.37
45,male,24.3,5,no,southeast,195.78
38,female,27.3,1,no,northeast,131.1
18,female,29.2,0,no,northeast,146.47
21,female,16.8,1,no,northeast,63.35
27,female,30.4,3,no,northwest,376.1
19,male,33.1,0,no,southwest,461.66
29,female,20.2,2,no,northwest,98.13
42,male,26.9,0,no,southwest,119.39
60,female,30.5,0,no,southwest,252.76
31,male,28.6,1,no,northwest,84.87
60,male,33.1,3,no,southeast,278.4
22,male,31.7,0,no,northeast,45.1
35,male,28.9,3,no,southwest,118.54
52,female,46.8,5,no,southeast,251.85
26,male,29.5,0,no,northeast,57.95
31,female,32.7,1,no,northwest,94.77
33,female,33.5,0,yes,southwest,741.59
18,male,43.0,0,no,southeast,22.99
59,female,36.5,1,no,southeast,565.76
56,male,26.7,1,yes,northwest,522.19
45,female,33.1,0,no,southwest,146.9
60,male,29.6,0,no,northeast,254.62
56,female,25.7,0,no,northwest,229.08
40,female,29.6,0,no,southwest,118.22
35,male,38.6,1,no,southwest,95.25
39,male,29.6,4,no,southwest,150.25
30,male,24.1,1,no,northwest,80.64
24,male,23.4,0,no,southwest,39.39
20,male,29.7,0,no,northwest,35.39
32,male,46.5,2,no,southeast,93.73
59,male,37.4,0,no,southwest,435.94
55,female,30.1,2,no,southeast,237.64
57,female,30.5,0,no,northwest,236.82
56,male,39.6,0,no,southwest,212.03
40,female,33.0,3,no,southeast,153.65
49,female,36.6,3,no,southeast,207.63
42,male,30.0,0,yes,southwest,442.88
62,female,38.1,2,no,northeast,304.61
56,male,25.9,0,no,northeast,223.31
19,male,25.2,0,no,northwest,32.64
30,female,28.4,1,yes,southeast,390.44
60,female,28.7,1,no,southwest,264.49
56,female,33.8,2,no,northwest,252.87
28,female,24.3,1,no,northeast,465.78
18,female,24.1,1,no,southeast,44.02
27,male,32.7,0,no,southeast,49.94
18,female,30.1,0,no,northeast,44.07
19,female,29.8,0,no,southwest,34.89
47,female,33.3,0,no,northeast,417.58
54,male,25.1,3,yes,southwest,507.65
61,male,28.3,1,yes,northwest,577.37
24,male,28.5,0,yes,northeast,702.95
25,male,35.6,0,no,northwest,50.69
21,male,36.9,0,no,southeast,30.69
23,male,32.6,0,no,southeast,36.49
63,male,41.3,3,no,northwest,311.1
49,male,37.5,2,no,southeast,186.09
18,female,31.4,0,no,southeast,32.44
51,female,39.5,1,no,southwest,197.6
48,male,34.3,3,no,southwest,191.26
31,female,31.1,0,no,northeast,86.94
54,female,21.5,3,no,northwest,249.51
19,male,28.7,0,no,southwest,25.08
44,female,38.1,0,yes,southeast,977.7
53,male,31.2,1,no,northwest,209.24
19,female,32.9,0,no,southwest,34.98
61,female,25.1,0,no,southeast,490.26
18,female,25.1,0,no,northeast,43.93
61,male,43.4,0,no,southwest,251.48
21,male,25.7,4,yes,southwest,358.84
20,male,27.9,0,no,northeast,39.34
31,female,23.6,2,no,southwest,98.63
45,male,28.7,2,no,southwest,160.56
44,female,24.0,2,no,southeast,164.22
62,female,39.2,0,no,southwest,269.42
29,male,34.4,0,yes,southwest,723.95
43,male,26.0,0,no,northeast,136.75
51,male,23.2,1,yes,southeast,444.36
19,male,30.3,0,yes,southeast,650.97
38,female,28.9,1,no,southeast,119.49
37,male,30.9,3,no,northwest,135.94
22,male,31.4,1,no,northwest,52.87
21,male,23.8,2,no,northwest,61.54
24,female,25.3,0,no,northeast,60.88
57,female,28.7,0,no,southwest,229.11
56,male,32.1,1,no,northeast,235.26
27,male,33.7,0,no,southeast,49.97
51,male,22.4,0,no,northeast,187.23
19,male,30.4,0,no,southwest,25.13
39,male,28.3,1,yes,southwest,421.64
58,male,35.7,0,no,southwest,227.26
20,male,35.3,1,no,southeast,554.49
45,male,30.5,2,no,northwest,168.27
35,female,31.0,1,no,southwest,104.82
31,male,30.9,0,no,northeast,77.16
50,female,27.4,0,no,northeast,513.13
32,female,44.2,0,no,southeast,79.88
51,female,33.9,0,no,northeast,197.33
38,female,37.7,0,no,southeast,107.95
42,male,26.1,1,yes,southeast,764.91
18,female,33.9,0,no,southeast,229.65
19,female,30.6,2,no,northwest,481.19
51,female,25.8,1,no,southwest,197.22
46,male,39.4,1,no,northeast,166.86
18,male,25.5,0,no,northeast,34.16
57,male,42.1,1,yes,southeast,973.51
62,female,31.7,0,no,northeast,280.87
59,male,29.7,2,no,southeast,258.52
37,male,36.2,0,no,southeast,384.29
64,male,40.5,0,no,southeast,276.62
38,male,28.0,1,no,northeast,121.34
33,female,38.9,3,no,southwest,119.45
46,female,30.2,2,no,southwest,176.5
46,female,28.1,1,no,southeast,164.66
53,male,31.4,0,no,southeast,546.92
34,female,38.0,3,no,southwest,123.93
20,female,31.8,2,no,southeast,61.13
63,female,36.3,0,no,southeast,277.74
54,female,47.4,0,yes,southeast,1275.41
54,male,30.2,0,no,northwest,204.63
49,male,25.8,2,yes,northwest,476.14
28,male,35.4,0,no,northeast,65.38
54,female,46.7,2,no,southwest,230.77
25,female,28.6,0,no,northeast,64.27
43,female,46.2,0,yes,southeast,917.26
63,male,30.8,0,no,southwest,267.81
32,female,28.9,0,no,southeast,79.46
62,male,21.4,0,no,southwest,259.14
52,female,31.7,2,no,northwest,223.75
25,female,41.3,0,no,northeast,357.58
28,male,23.8,2,no,southwest,76.95
46,male,33.4,1,no,northeast,166.69
34,male,34.2,0,no,southeast,78.7
35,female,34.1,3,yes,northwest,799.67
19,male,35.5,0,no,northwest,32.93
46,female,20.0,2,no,northwest,183.88
54,female,32.7,0,no,northeast,218.48
27,male,30.5,0,no,southwest,49.88
50,male,44.8,1,no,southeast,181.17
18,female,32.1,2,no,southeast,56.03
19,female,30.5,0,no,northwest,42.57
38,female,40.6,1,no,northwest,127.47
41,male,30.6,2,no,northwest,145.13
49,female,31.9,5,no,southwest,231.06
48,male,40.6,2,yes,northwest,914.04
31,female,29.1,0,no,southwest,75.23
18,female,37.3,1,no,southeast,44.39
30,female,43.1,2,no,southeast,95.07
62,female,36.9,1,no,northeast,632.4
57,female,34.3,2,no,northeast,264.48
58,female,27.2,0,no,northwest,244.46
22,male,26.8,0,no,southeast,33.3
31,female,38.1,1,yes,northeast,1171.42
52,male,30.2,1,no,southwest,194.49
25,female,23.5,0,no,northeast,64.13
59,male,25.5,1,no,northeast,258.28
19,male,30.6,0,no,northwest,32.79
39,male,45.4,2,no,southeast,127.13
32,female,23.7,1,no,southeast,352.52
19,male,20.7,0,no,southwest,24.86
33,female,28.3,1,no,southeast,95.59
21,male,20.2,3,no,northeast,77.22
34,female,30.2,1,yes,northwest,878.88
61,female,35.9,0,no,northeast,272.71
38,female,30.7,1,no,southeast,119.54
58,female,29.0,0,no,southwest,236.85
47,male,19.6,1,no,northwest,168.56
20,male,31.1,2,no,southeast,51.33
21,female,21.9,1,yes,northeast,307.18
41,male,40.3,0,no,southeast,114.18
46,female,33.7,1,no,northeast,176.48
42,female,29.5,2,no,southeast,152.81
34,female,33.3,1,no,northeast,111.9
43,male,32.6,2,no,southwest,148.83
52,female,37.5,2,no,northwest,669.44
18,female,39.2,0,no,southeast,32.66
51,male,31.6,0,no,northwest,183.48
56,female,25.3,0,no,southwest,221.41
64,female,39.1,3,no,southeast,321.7
19,female,28.3,0,yes,northwest,349.38
51,female,34.1,0,no,southeast,185.67
27,female,25.2,0,no,northeast,71.17
59,female,23.7,0,yes,northwest,513.58
28,male,27.0,2,no,northeast,88.7
30,male,37.8,2,yes,southwest,784.83
47,female,29.4,1,no,southeast,170.95
38,female,34.8,2,no,southwest,131.43
18,female,33.2,0,no,northeast,44.15
34,female,19.0,3,no,northeast,135.06
20,female,33.0,0,no,southeast,37.6
47,female,36.6,1,yes,southeast,859.4
56,female,28.6,0,no,northeast,233.16
49,male,25.6,2,yes,southwest,466.13
19,female,33.1,0,yes,southeast,688.8
55,female,37.1,0,no,southwest,214.27
30,male,31.4,1,no,southwest,73.19
37,male,34.1,4,yes,southwest,803.64
49,female,21.3,1,no,southwest,183.64
18,male,33.5,0,yes,northeast,692.36
59,male,28.8,0,no,northwest,242.59
29,female,26.0,0,no,northwest,74.73
36,male,28.9,3,no,northeast,134.97
33,male,42.5,1,no,southeast,226.53
58,male,38.0,0,no,southwest,227.32
44,female,39.0,0,yes,northwest,859.67
53,male,36.1,1,no,southwest,201.72
24,male,29.3,0,no,southwest,39.56
29,female,35.5,0,no,southeast,67.33
40,male,22.7,2,no,northeast,143.47
51,male,39.7,1,no,southwest,187.83
64,male,38.2,0,no,northeast,288.22
19,female,24.5,1,no,northwest,54.18
35,female,38.1,2,no,northeast,498.3
39,male,26.4,0,yes,northeast,402.99
56,male,33.7,4,no,southeast,258.98
33,male,42.4,5,no,southwest,133.32
42,male,28.3,3,yes,northwest,655.75
61,male,33.9,0,no,northeast,262.88
23,female,35.0,3,no,northwest,89.33
43,male,35.3,2,no,southeast,376.12
48,male,30.8,3,no,northeast,202.82
39,male,26.2,1,no,northwest,122.47
40,female,23.4,3,no,northeast,165.05
18,male,28.5,0,no,northeast,34.24
58,female,33.0,0,no,northeast,248.62
49,female,42.7,2,no,southeast,196.02
53,female,39.6,1,no,southeast,211.59
48,female,31.1,0,no,southeast,165.61
45,female,36.3,2,no,southeast,170.55
59,female,35.2,0,no,southeast,244.89
52,female,25.3,2,yes,southeast,493.35
26,female,42.4,1,no,southwest,68.21
27,male,33.2,2,no,northwest,81.17
48,female,35.9,1,no,northeast,527.85
57,female,28.8,4,no,northeast,287.89
37,male,46.5,3,no,southeast,128.71
57,female,24.0,1,no,southeast,443.85
32,female,31.5,1,no,northeast,102.97
18,male,33.7,0,no,southeast,22.73
64,female,23.0,0,yes,southeast,540.76
43,male,38.1,2,yes,southeast,851.21
49,male,28.7,1,no,southwest,174.07
40,female,32.8,2,yes,northwest,800.07
62,male,32.0,0,yes,northeast,914.2
40,female,29.8,1,no,southeast,130.0
30,male,31.6,3,no,southeast,96.75
29,female,31.2,0,no,northeast,78.87
36,male,29.7,0,no,southeast,87.99
41,female,31.0,0,no,southeast,123.71
44,female,43.9,2,yes,southeast,924.02
45,male,21.4,0,no,northwest,144.46
55,female,40.8,3,no,southeast,249.72
60,male,31.4,3,yes,northwest,922.61
56,male,36.1,3,no,southwest,247.27
49,female,23.2,2,no,northwest,203.14
21,female,17.4,1,no,southwest,51.71
19,male,20.3,0,no,southwest,24.85
39,male,35.3,2,yes,southwest,802.08
53,male,24.3,0,no,northwest,197.27
33,female,18.5,1,no,southwest,95.32
53,male,26.4,2,no,northeast,224.89
42,male,26.1,2,no,northeast,154.59
40,male,41.7,0,no,southeast,108.78
47,female,24.1,1,no,southwest,524.73
27,male,31.1,1,yes,southeast,696.13
21,male,27.4,0,no,northeast,42.08
47,male,36.2,1,no,southwest,161.36
20,male,32.4,1,no,northwest,47.24
24,male,23.7,0,no,northwest,47.06
27,female,34.8,1,no,southwest,71.56
26,female,40.2,0,no,northwest,64.03
53,female,32.3,2,no,northeast,583.73
41,male,35.8,1,yes,southeast,805.47
56,male,33.7,0,no,northwest,219.53
23,female,39.3,2,no,southeast,70.01
21,female,34.9,0,no,southeast,40.41
50,female,44.7,0,no,northeast,190.83
53,male,41.5,0,no,southeast,190.09
34,female,26.4,1,no,northwest,107.71
47,female,29.5,1,no,northwest,178.62
33,female,32.9,2,no,southwest,107.5
51,female,38.1,0,yes,southeast,888.01
49,male,28.7,3,no,northwest,205.29
31,female,30.5,3,no,northeast,122.26
36,female,27.7,0,no,northeast,109.38
18,male,35.2,1,no,southeast,34.55
50,female,23.5,2,no,southeast,202.14
43,female,30.7,2,no,northwest,166.22
20,male,40.5,0,no,northeast,39.69
24,female,22.6,0,no,southwest,49.15
60,male,28.9,0,no,southwest,242.94
49,female,22.6,1,no,northwest,191.34
60,male,24.3,1,no,northwest,262.25
51,female,36.7,2,no,northwest,216.96
58,female,33.4,0,no,northwest,244.63
51,female,40.7,0,no,northeast,197.51
53,male,36.6,3,no,southwest,225.29
62,male,37.4,0,no,southwest,259.59
19,male,35.4,0,no,southwest,25.27
50,female,27.1,1,no,northeast,202.12
30,female,39.1,3,yes,southeast,818.65
41,male,28.4,1,no,northwest,133.29
29,female,21.8,1,yes,northeast,333.15
18,female,40.3,0,no,northeast,44.35
41,female,36.1,1,no,southeast,135.63
35,male,24.4,3,yes,southeast,387.24
53,male,21.4,1,no,southwest,201.31
24,female,30.1,3,no,southwest,84.7
48,female,27.3,1,no,northeast,188.94
59,female,32.1,3,no,southwest,280.14
49,female,34.8,1,no,northwest,191.68
37,female,38.4,0,yes,southeast,808.38
26,male,23.7,2,no,southwest,69.69
23,male,31.7,3,yes,northeast,723.78
29,male,35.5,2,yes,southwest,891.71
45,male,24.0,2,no,northeast,172.09
27,male,29.2,0,yes,southeast,364.93
53,male,34.1,0,yes,northeast,865.09
31,female,26.6,0,no,southeast,75.16
50,male,26.4,0,no,northwest,176.54
50,female,30.1,1,no,northwest,198.21
34,male,27.0,2,no,southwest,234.76
19,male,21.8,0,no,northwest,32.55
47,female,36.0,1,no,southwest,171.14
28,male,30.9,0,no,northwest,61.25
37,female,26.4,0,yes,southeast,390.78
21,male,29.0,0,no,northwest,38.13
64,male,37.9,0,no,northwest,284.21
58,female,22.8,0,no,southeast,236.68
24,male,33.6,4,no,northeast,342.57
31,male,27.6,2,no,northeast,100.63
39,female,22.8,3,no,northeast,159.72
47,female,27.8,0,yes,southeast,461.31
30,male,37.4,3,no,northeast,108.57
18,male,38.2,0,yes,southeast,726.16
22,female,34.6,2,no,northeast,78.52
23,male,35.2,1,no,southwest,48.34
33,male,27.1,1,yes,southwest,380.82
27,male,26.0,0,no,northeast,61.42
45,female,25.2,2,no,northeast,181.9
57,female,31.8,0,no,northwest,236.85
47,male,32.3,1,no,southwest,161.26
42,female,29.0,1,no,southwest,141.01
64,female,39.7,0,no,southwest,286.38
38,female,19.5,2,no,northwest,138.66
61,male,36.1,3,no,southwest,558.83
53,female,26.7,2,no,southwest,223.02
44,female,36.5,0,no,northeast,255.94
19,female,28.9,0,yes,northwest,354.97
41,male,34.2,2,no,northwest,145.23
51,male,33.3,3,no,southeast,211.21
40,male,32.3,2,no,northwest,139.73
45,male,39.8,0,no,northeast,148.97
35,male,34.3,3,no,southeast,118.69
53,male,28.9,0,no,northwest,197.4
30,male,24.4,3,yes,southwest,365.18
18,male,41.1,0,no,southeast,22.94
51,male,36.0,1,no,southeast,187.72
50,female,27.6,1,yes,southwest,490.41
31,female,29.3,1,no,southeast,87.01
35,female,27.7,3,no,southwest,128.28
60,male,37.0,0,no,northeast,254.82
21,male,36.9,0,no,northwest,38.35
29,male,22.5,3,no,northeast,104.19
62,female,29.9,0,no,southeast,269.16
39,female,41.8,0,no,southeast,113.24
19,male,27.6,0,no,southwest,25.05
22,female,23.2,0,no,northeast,54.64
53,male,20.9,0,yes,southeast,423.92
39,female,31.9,2,no,northwest,144.19
27,male,28.5,0,yes,northwest,366.21
30,male,44.2,2,no,southeast,85.32
30,female,22.9,1,no,northeast,94.39
58,female,33.1,0,no,southwest,236.96
33,male,24.8,0,yes,northeast,358.09
42,female,26.2,1,no,southeast,140.93
64,female,36.0,0,no,southeast,286.28
21,male,22.3,1,no,southwest,42.06
18,female,42.2,0,yes,southeast,775.85
23,male,26.5,0,no,southeast,36.32
45,female,35.8,0,no,northwest,154.64
40,female,41.4,1,no,northwest,569.53
19,female,36.6,0,no,northwest,42.74
18,male,30.1,0,no,southeast,22.63
25,male,25.8,1,no,northeast,66.2
46,female,30.8,3,no,southwest,188.3
33,female,42.9,3,no,northwest,127.22
54,male,21.0,2,no,southeast,220.27
28,male,22.5,2,no,northeast,88.58
36,male,34.4,2,no,southeast,111.69
20,female,31.5,0,no,southeast,37.56
24,female,24.2,0,no,northwest,56.86
23,male,37.1,3,no,southwest,71.95
47,female,26.1,1,yes,northeast,468.03
33,female,35.5,0,yes,northwest,1102.71
45,male,33.7,1,no,southwest,148.92
26,male,17.7,0,no,northwest,53.62
18,female,31.1,0,no,southeast,32.44
44,female,29.8,2,no,southeast,164.38
60,male,24.3,0,no,northwest,250.47
64,female,31.8,2,no,northeast,321.38
56,male,31.8,2,yes,southeast,876.28
36,male,28.0,1,yes,northeast,415.47
41,male,30.8,3,yes,northeast,791.95
39,male,21.9,1,no,northwest,122.35
63,male,33.1,0,no,southwest,267.88
36,female,25.8,0,no,northwest,105.33
28,female,23.8,2,no,northwest,94.39
58,male,34.4,0,no,northwest,234.88
36,male,33.8,1,no,northwest,107.55
42,male,36.0,2,no,southeast,143.21
36,male,31.5,0,no,southwest,88.04
56,female,28.3,0,no,northeast,233.15
35,female,23.5,2,no,northeast,128.05
59,female,31.4,0,no,northwest,252.44
21,male,31.1,0,no,southwest,30.53
59,male,24.7,0,no,northeast,246.48
23,female,32.8,2,yes,southeast,720.42
57,female,29.8,0,yes,southeast,550.68
53,male,30.5,0,no,northeast,201.44
60,female,32.5,0,yes,southeast,900.18
51,female,34.2,1,no,southwest,197.45
23,male,50.4,1,no,southeast,48.76
27,female,24.1,0,no,southwest,59.48
55,male,32.8,0,no,northwest,212.03
37,female,30.8,0,yes,northeast,745.4
61,male,32.3,2,no,northwest,282.39
46,female,35.5,0,yes,northeast,842.23
53,female,23.8,2,no,northeast,234.59
49,female,23.8,3,yes,northeast,482.14
20,female,29.6,0,no,southwest,37.51
48,female,33.1,0,yes,southeast,819.48
25,male,24.1,0,yes,northwest,316.36
25,female,32.2,1,no,southeast,364.36
57,male,28.1,0,no,southwest,219.31
37,female,47.6,2,yes,southwest,922.27
38,female,28.0,3,no,southwest,143.02
55,female,33.5,2,no,northwest,245.39
36,female,19.9,0,no,northeast,109.16
51,male,25.4,0,no,southwest,175.65
40,male,29.9,2,no,southwest,132.01
18,male,37.3,0,no,southeast,22.83
57,male,43.7,1,no,southwest,231.52
61,male,23.7,0,no,northeast,262.59
25,female,24.3,3,no,southwest,87.83
50,male,36.2,0,no,southwest,169.16
26,female,29.5,1,no,southeast,67.85
42,male,24.9,0,no,southeast,119.34
43,male,30.1,1,no,southwest,136.98
44,male,21.9,3,no,northeast,177.82
23,female,28.1,0,no,northwest,53.8
49,female,27.1,1,no,southwest,522.81
33,male,33.4,5,no,southeast,133.08
41,male,28.8,1,no,southwest,125.64
37,female,29.5,2,no,southwest,126.24
22,male,34.8,3,no,southwest,68.86
23,male,27.4,1,no,northwest,55.78
21,female,22.1,0,no,northeast,51.72
51,female,37.1,3,yes,northeast,925.1
25,male,26.7,4,no,northwest,97.56
32,male,28.9,1,yes,southeast,394.39
57,male,29.0,0,yes,northeast,544.37
36,female,30.0,0,no,northwest,105.44
22,male,39.5,0,no,southwest,33.65
57,male,33.6,1,no,northwest,238.9
64,female,26.9,0,yes,northwest,586.62
36,female,29.0,4,no,southeast,144.88
54,male,24.0,0,no,northeast,208.46
47,male,38.9,2,yes,southeast,884.05
62,male,32.1,0,no,northeast,271.1
61,female,44.0,0,no,southwest,261.28
43,female,20.0,2,yes,northeast,395.96
19,male,25.6,1,no,northwest,44.43
18,female,40.3,0,no,southeast,32.69
19,female,22.5,0,no,northwest,42.35
49,male,22.5,0,no,northeast,173.78
60,male,40.9,0,yes,southeast,973.47
26,male,27.3,3,no,northeast,93.23
49,male,36.9,0,no,southeast,162.52
60,female,35.1,0,no,southwest,252.89
26,female,29.4,2,no,northeast,91.28
27,male,32.6,3,no,northeast,96.94
44,female,32.3,1,no,southeast,152.67
63,male,39.8,3,no,southwest,303.4
32,female,24.6,0,yes,southwest,349.93
22,male,28.3,1,no,northwest,52.78
18,male,31.7,0,yes,northeast,674.65
59,female,26.7,3,no,northwest,287.65
44,female,27.5,1,no,southwest,152.54
33,male,24.6,2,no,northwest,105.15
24,female,34.0,0,no,southeast,49.47
43,female,26.9,0,yes,northwest,435.49
45,male,22.9,0,yes,northeast,701.39
61,female,28.2,0,no,southwest,260.84
35,female,34.2,1,no,southeast,104.9
62,female,25.0,0,no,southwest,269.02
62,female,33.2,0,no,southwest,269.25
38,male,31.0,1,no,southwest,109.77
34,male,35.8,0,no,northwest,86.41
43,male,23.2,0,no,southwest,125.01
50,male,32.1,2,no,northeast,506.67
19,female,23.4,2,no,southwest,58.27
57,female,20.1,1,no,southwest,240.65
62,female,39.2,0,no,southeast,269.42
41,male,34.2,1,no,southeast,125.8
26,male,46.5,1,no,southeast,58.54
39,female,32.5,1,no,southwest,124.77
46,male,25.8,5,no,southwest,201.94
45,female,35.3,0,no,southwest,146.96
32,male,37.2,2,no,southeast,93.47
59,female,27.5,0,no,southwest,244.68
44,male,29.7,2,no,northeast,642.17
39,female,24.2,5,no,northwest,179.32
18,male,26.2,2,no,southeast,46.08
53,male,29.5,0,no,southeast,189.75
18,male,23.2,0,no,southeast,22.44
50,female,46.1,1,no,southeast,190.99
18,female,40.2,0,no,northeast,44.35
19,male,22.6,0,no,northwest,32.57
62,male,39.9,0,no,southeast,259.66
56,female,35.8,1,no,southwest,233.48
42,male,35.8,2,no,southwest,143.2
37,male,34.2,1,yes,northeast,780.95
42,male,31.3,0,no,northwest,127.18
25,male,29.7,3,yes,southwest,398.67
57,male,18.3,0,no,northeast,230.7
51,male,42.9,2,yes,southeast,949.26
30,female,28.4,1,no,northwest,90.54
44,male,30.2,2,yes,southwest,779.97
34,male,27.8,1,yes,northwest,400.19
31,male,39.5,1,no,southeast,77.51
54,male,30.8,1,yes,southeast,839.99
24,male,26.8,1,no,northwest,252.2
43,male,35.0,1,yes,northeast,820.68
48,male,36.7,1,no,northwest,569.38
19,female,39.6,1,no,northwest,54.6
29,female,25.9,0,no,southwest,67.07
63,female,35.2,1,no,southeast,289.49
46,male,24.8,3,no,northeast,190.01
52,male,36.8,2,no,northwest,529.34
35,male,27.1,1,no,southwest,94.93
51,male,24.8,2,yes,northwest,479.35
44,male,25.4,1,no,northwest,150.36
21,male,25.7,2,no,northeast,65.6
39,female,34.3,5,no,southeast,171.94
50,female,28.2,3,no,southeast,214.05
34,female,23.6,0,no,northeast,99.85
22,female,20.2,0,no,northwest,50.56
19,female,40.5,0,no,southwest,35.19
26,male,35.4,0,no,southeast,46.45
29,male,22.9,0,yes,northeast,322.78
48,male,40.2,0,no,southeast,156.08
26,male,29.2,1,no,southeast,58.06
45,female,40.0,3,no,northeast,194.09
36,female,29.9,0,no,southeast,97.78
54,male,25.5,1,no,northeast,510.34
34,male,21.4,0,no,northeast,90.01
31,male,25.9,3,yes,southwest,384.0
27,female,30.6,1,no,northeast,335.93
20,male,30.1,5,no,northeast,98.3
44,female,25.8,1,no,southwest,152.49
43,male,30.1,3,no,northwest,168.2
45,female,27.6,1,no,northwest,566.8
34,male,34.7,0,no,northeast,90.38
24,female,20.5,0,yes,northeast,291.44
26,female,19.8,1,no,southwest,67.58
38,female,27.8,2,no,northeast,142.9
50,female,31.6,2,no,southwest,202.37
38,male,28.3,1,no,southeast,109.69
27,female,20.0,3,yes,northwest,328.41
39,female,23.3,3,no,northeast,159.73
39,female,34.1,3,no,southwest,148.37
63,female,36.9,0,no,southeast,277.76
33,female,36.3,3,no,northeast,131.03
36,female,26.9,0,no,northwest,105.36
30,male,23.0,2,yes,northwest,347.24
24,male,32.7,0,yes,southwest,689.46
24,male,25.8,0,no,southwest,39.46
48,male,29.6,0,no,southwest,424.64
47,male,19.2,1,no,northeast,172.55
29,male,31.7,2,no,northwest,88.67
28,male,29.3,2,no,northeast,88.77
47,male,28.2,3,yes,northwest,498.3
25,male,25.0,2,no,northeast,464.83
51,male,27.7,1,no,northeast,199.15
48,female,22.8,0,no,southwest,165.38
43,male,20.1,2,yes,southeast,375.35
61,female,33.3,4,no,southeast,731.61
48,male,32.3,1,no,northwest,175.31
38,female,27.6,0,no,southwest,107.67
59,male,25.5,0,no,northwest,242.5
19,female,24.6,1,no,northwest,54.18
26,female,34.2,2,no,southwest,79.76
54,female,35.8,3,no,northwest,249.91
21,female,32.7,2,no,northwest,520.38
51,male,37.0,0,no,southwest,175.97
22,female,31.0,3,yes,southeast,711.91
47,male,36.1,1,yes,southeast,844.22
18,male,23.3,1,no,southeast,34.22
47,female,45.3,1,no,southeast,171.4
21,female,34.6,0,no,southwest,40.4
19,male,26.0,1,yes,northwest,329.02
23,male,18.7,0,no,northwest,431.91
54,male,31.6,0,no,southwest,197.01
37,female,17.3,2,no,northeast,137.56
46,female,23.7,1,yes,northwest,433.55
55,female,35.2,0,yes,southeast,888.48
30,female,27.9,0,no,northeast,82.75
18,male,21.6,0,yes,northeast,274.96
61,male,38.4,0,no,northwest,259.0
54,female,23.0,3,no,southwest,241.89
22,male,37.1,2,yes,southeast,749.69
45,female,30.5,1,yes,northwest,794.51
22,male,28.9,0,no,northeast,45.02
19,male,27.3,2,no,northwest,449.87
35,female,28.0,0,yes,northwest,404.7
18,male,23.1,0,no,northeast,34.09
20,male,30.7,0,yes,northeast,669.52
28,female,25.8,0,no,southwest,63.23
55,male,35.2,1,no,northeast,227.88
43,female,24.7,2,yes,northwest,437.62
43,female,25.1,0,no,northeast,146.5
22,male,52.6,1,yes,southeast,890.03
25,female,22.5,1,no,northwest,71.88
49,male,30.9,0,yes,southwest,794.55
44,female,37.0,1,no,northwest,160.46
64,male,26.4,0,no,northeast,287.89
49,male,29.8,1,no,northeast,185.76
47,male,29.8,3,yes,southwest,506.19
27,female,21.5,0,no,northwest,67.07
55,male,27.6,0,no,northwest,211.89
48,female,28.9,0,no,southwest,165.55
45,female,31.8,0,no,southeast,358.59
24,female,39.5,0,no,southeast,49.62
32,male,33.8,1,no,northwest,89.25
24,male,32.0,0,no,southeast,39.63
57,male,27.9,1,no,southeast,231.08
59,male,41.1,1,yes,southeast,979.4
36,male,28.6,3,no,northwest,130.96
29,female,25.6,4,no,southwest,114.18
42,female,25.3,1,no,southwest,140.91
48,male,37.3,2,no,southeast,179.56
39,male,42.7,0,no,northeast,115.15
63,male,21.7,1,no,northwest,287.0
54,female,31.9,1,no,southeast,218.58
37,male,37.1,1,yes,southeast,797.43
63,male,31.4,0,no,northeast,279.49
21,male,31.3,0,no,northwest,38.19
54,female,28.9,2,no,northeast,241.93
60,female,18.3,0,no,northeast,264.09
32,female,29.6,1,no,southeast,91.26
47,female,32.0,1,no,southwest,171.03
21,male,26.0,0,no,northeast,42.05
28,male,31.7,0,yes,southeast,693.44
63,male,33.7,3,no,southeast,303.23
18,male,21.8,2,no,southeast,237.68
32,male,27.8,1,no,northwest,89.09
38,male,20.0,1,no,northwest,117.12
32,male,31.5,1,no,southwest,81.53
62,female,30.5,2,no,northwest,300.4
39,female,18.3,5,yes,southwest,380.47
55,male,29.0,0,no,northeast,215.93
57,male,31.5,0,no,northwest,227.06
52,male,47.7,1,no,southeast,194.98
56,male,22.1,0,no,southwest,211.54
47,male,36.2,0,yes,southeast,833.52
55,female,29.8,0,no,northeast,225.73
23,male,32.7,3,no,southwest,71.83
22,female,30.4,0,yes,northwest,678.15
50,female,33.7,4,no,southwest,225.99
18,female,31.4,4,no,northeast,91.22
51,female,35.0,2,yes,northeast,892.82
22,male,33.8,0,no,southeast,33.49
52,female,30.9,0,no,northeast,460.91
25,female,34.0,1,no,southeast,64.54
33,female,19.1,2,yes,northeast,335.53
53,male,28.6,3,no,southwest,225.07
29,male,38.9,1,no,southeast,69.43
58,male,36.1,0,no,southeast,227.27
37,male,29.8,0,no,southwest,408.41
54,female,31.2,0,no,southeast,206.78
49,female,29.9,0,no,northwest,179.76
50,female,26.2,2,no,northwest,209.88
26,male,30.0,1,no,southwest,58.08
45,male,20.4,3,no,southeast,172.11
54,female,32.3,1,no,northeast,230.25
38,male,38.4,3,yes,southeast,838.98
48,female,25.9,3,yes,southeast,483.62
28,female,26.3,3,no,northwest,106.24
23,male,24.5,0,no,northeast,47.92
55,male,32.7,1,no,southeast,216.15
41,male,29.6,5,no,northeast,184.45
25,male,33.3,2,yes,southeast,722.49
33,male,35.8,1,yes,southeast,765.65
30,female,20.0,3,no,northwest,113.87
23,female,31.4,0,yes,southwest,683.33
46,male,38.2,2,no,southeast,166.94
53,female,36.9,3,yes,northwest,933.23
27,female,32.4,1,no,northeast,378.07
23,female,42.8,1,yes,northeast,818.08
63,female,25.1,0,no,northwest,285.09
55,male,29.9,0,no,southwest,204.29
35,female,35.9,2,no,southeast,116.73
34,male,32.8,1,no,southwest,287.17
19,female,18.6,0,no,southwest,34.58
39,female,23.9,5,no,southeast,171.65
27,male,45.9,2,no,southwest,73.87
57,male,40.3,0,no,northeast,414.18
52,female,18.3,0,no,northwest,199.82
28,male,33.8,0,no,northwest,393.47
50,female,28.1,3,no,northwest,221.71
44,female,25.0,1,no,southwest,152.47
26,female,22.2,0,no,northwest,63.53
33,male,30.3,0,no,southeast,74.09
19,female,32.5,0,yes,northwest,737.97
50,male,37.1,1,no,southeast,180.96
41,female,32.6,3,no,southwest,159.09
52,female,24.9,0,no,southeast,542.36
39,male,32.3,2,no,southeast,126.76
50,male,32.3,2,no,southwest,192.61
52,male,32.8,3,no,northwest,225.78
60,male,32.8,0,yes,southwest,1051.82
20,female,31.9,0,no,northwest,45.23
55,male,21.5,1,no,southwest,215.84
42,male,34.1,0,no,southwest,119.59
18,female,30.3,0,no,northeast,44.07
58,female,36.5,0,no,northwest,244.72
43,female,32.6,3,yes,southeast,818.83
35,female,35.8,1,no,northwest,112.61
48,female,27.9,4,no,northwest,220.3
36,female,22.1,3,no,northeast,144.56
19,male,44.9,0,yes,southeast,794.46
23,female,23.2,2,no,northwest,288.52
20,female,30.6,0,no,northeast,49.19
32,female,41.1,0,no,southwest,79.8
43,female,34.6,1,no,northwest,154.54
34,male,42.1,2,no,southeast,102.48
30,male,38.8,1,no,southeast,379.26
18,female,28.2,0,no,northeast,44.02
41,female,28.3,1,no,northwest,143.07
35,female,26.1,0,no,northeast,104.56
57,male,40.4,0,no,southeast,219.65
29,female,24.6,2,no,southwest,90.59
32,male,35.2,2,no,southwest,93.41
37,female,34.1,1,no,northwest,122.25
18,male,27.4,1,yes,northeast,343.57
43,female,26.7,2,yes,southwest,449.57
56,female,41.9,0,no,southeast,221.87
38,male,29.3,2,no,northwest,129.16
29,male,32.1,2,no,northwest,88.68
22,female,27.1,0,no,southwest,43.09
52,female,24.1,1,yes,northwest,477.75
40,female,27.4,1,no,southwest,129.94
23,female,34.9,0,no,northeast,57.99
31,male,29.8,0,yes,southeast,387.01
42,female,41.3,1,no,northeast,153.02
24,female,29.9,0,no,northwest,57.01
25,female,30.3,0,no,southwest,52.66
48,female,27.4,1,no,northeast,188.95
23,female,28.5,1,yes,southeast,366.56
45,male,23.6,2,no,northeast,172.08
20,male,35.6,3,yes,northwest,749.31
62,female,32.7,0,no,northwest,276.9
43,female,25.3,1,yes,northeast,435.43
23,female,28.0,0,no,southwest,262.53
31,female,32.8,2,no,northwest,106.55
41,female,21.8,1,no,northeast,274.51
58,female,32.4,1,no,northeast,260.38
48,female,36.6,0,no,northwest,173.42
31,female,21.8,0,no,northwest,82.68
19,female,27.9,3,no,northwest,376.77
19,female,30.0,0,yes,northwest,666.15
41,male,33.6,0,no,southeast,114.0
40,male,29.4,1,no,northwest,127.87
31,female,25.8,2,no,southwest,98.69
37,male,24.3,2,no,northwest,123.97
46,male,40.4,2,no,northwest,174.66
22,male,32.1,0,no,northwest,41.11
51,male,32.3,1,no,northeast,199.28
18,female,27.3,3,yes,southeast,364.47
35,male,17.9,1,no,northwest,102.33
59,female,34.8,2,no,southwest,738.21
36,male,33.4,2,yes,southwest,768.31
37,female,25.6,1,yes,northeast,405.94
59,male,37.1,1,no,southwest,246.94
36,male,30.9,1,no,northwest,107.47
39,male,34.1,2,no,southeast,471.26
18,male,21.5,0,no,northeast,34.05
52,female,33.3,2,no,southwest,216.14
27,female,31.3,1,no,northwest,79.12
18,male,39.1,0,no,northeast,257.8
40,male,25.1,0,no,southeast,108.31
29,male,37.3,2,no,southeast,81.16
46,female,34.6,1,yes,southwest,833.23
38,female,30.2,3,no,northwest,150.74
30,female,21.9,1,no,northeast,94.36
40,male,25.0,2,no,southeast,131.87
50,male,25.3,0,no,southeast,168.85
20,female,24.4,0,yes,southeast,522.51
41,male,23.9,1,no,northeast,137.17
33,female,39.8,1,no,southeast,95.91
38,male,16.8,2,no,northeast,132.81
42,male,37.2,2,no,southeast,143.24
56,male,34.4,0,no,southeast,211.88
58,male,30.3,0,no,northeast,238.77
52,male,34.5,3,yes,northwest,1200.43
20,female,21.8,0,yes,southwest,403.35
54,female,24.6,3,no,northwest,249.59
58,male,23.3,0,no,southwest,226.91
45,female,27.8,2,no,southeast,170.32
26,male,31.1,0,no,northwest,53.99
63,female,21.7,0,no,northeast,289.0
58,female,28.2,0,no,northwest,244.49
37,male,22.7,3,no,northeast,139.71
25,female,42.1,1,no,southeast,64.77
52,male,41.8,2,yes,southeast,945.4
64,male,37.0,2,yes,southeast,991.55
22,female,21.3,3,no,northwest,85.93
28,female,33.1,0,no,southeast,63.43
18,male,33.3,0,no,southeast,22.72
28,male,24.3,5,no,southwest,112.31
45,female,25.7,3,no,southwest,182.04
33,male,29.4,4,no,southwest,121.18
18,female,39.8,0,no,southeast,32.68
32,male,33.6,1,yes,northeast,752.15
24,male,29.8,0,yes,northeast,372.97
19,male,19.8,0,no,southwest,24.83
20,male,27.3,0,yes,southwest,324.66
40,female,29.3,4,no,southwest,316.58
34,female,27.7,0,no,southeast,88.3
42,female,37.9,0,no,southwest,129.48
51,female,36.4,3,no,northwest,228.73
54,female,27.6,1,no,northwest,226.12
55,male,37.7,3,no,northwest,601.27
52,female,23.2,0,no,northeast,203.96
32,female,20.5,0,no,northeast,90.88
28,male,37.1,1,no,southwest,65.54
41,female,28.1,1,no,southeast,135.4
43,female,29.9,1,no,southwest,146.75
49,female,33.3,2,no,northeast,207.42
64,male,23.8,0,yes,southeast,538.53
55,female,30.5,0,no,southwest,214.09
24,male,31.1,0,yes,northeast,685.08
20,female,33.3,0,no,southwest,37.61
45,male,27.5,3,no,southwest,172.31
26,male,33.9,1,no,northwest,65.85
25,female,34.5,0,no,northwest,60.44
43,male,25.5,5,no,southeast,289.57
35,male,27.6,1,no,southeast,94.94
26,male,27.1,0,yes,southeast,340.87
57,male,23.7,0,no,southwest,219.19
22,female,30.4,0,no,northeast,54.84
32,female,29.7,0,no,northwest,87.14
39,male,29.9,1,yes,northeast,449.24
25,female,26.8,2,no,northwest,83.78
48,female,33.3,0,no,southeast,165.67
47,female,27.6,2,yes,northwest,490.71
18,female,21.7,0,yes,northeast,285.67
18,male,30.0,1,no,southeast,34.41
61,male,36.3,1,yes,southwest,948.08
47,female,24.3,0,no,northeast,170.69
28,female,17.3,0,no,northeast,74.65
36,female,25.9,1,no,southwest,109.45
20,male,39.4,2,yes,southwest,766.89
44,male,34.3,1,no,southeast,142.95
38,female,20.0,2,no,northeast,142.68
19,male,34.9,0,yes,southwest,696.57
21,male,23.2,0,no,southeast,30.31
46,male,25.7,3,no,northwest,186.04
58,male,25.2,0,no,northeast,238.62
20,male,22.0,1,no,southwest,39.3
18,male,26.1,0,no,northeast,34.18
28,female,26.5,2,no,southeast,86.81
33,male,27.5,2,no,northwest,105.23
19,female,25.7,1,no,northwest,54.22
45,male,30.4,0,yes,southeast,1251.86
62,male,30.9,3,yes,northwest,934.36
25,female,20.8,1,no,southwest,64.18
43,male,27.8,0,yes,southwest,756.59
42,male,24.6,2,yes,northeast,425.19
24,female,27.7,0,no,southeast,49.29
29,female,21.9,0,yes,northeast,322.31
32,male,28.1,4,yes,northwest,429.45
25,female,30.2,0,yes,southwest,678.01
41,male,32.2,2,no,southwest,137.52
42,male,26.3,1,no,northwest,138.82
33,female,26.7,0,no,northwest,91.43
34,male,42.9,1,no,southwest,90.73
19,female,34.7,2,yes,southwest,727.95
30,female,23.7,3,yes,northwest,375.32
18,male,28.3,1,no,northeast,225.45
19,female,20.6,0,no,southwest,34.63
18,male,53.1,0,no,southeast,23.27
35,male,39.7,4,no,northeast,389.93
39,female,26.3,2,no,northwest,144.03
31,male,31.1,3,no,northwest,108.5
62,male,26.7,0,yes,northeast,562.03
62,male,38.8,0,no,southeast,259.63
42,female,40.4,2,yes,southeast,877.93
31,male,25.9,1,no,northwest,84.8
61,male,33.5,0,no,northeast,262.87
42,female,32.9,0,no,northeast,141.0
51,male,30.0,1,no,southeast,187.56
23,female,24.2,2,no,northeast,447.91
52,male,38.6,2,no,southwest,206.5
57,female,25.7,2,no,southeast,252.58
23,female,33.4,0,no,southwest,215.92
52,female,44.7,3,no,southwest,228.23
50,male,31.0,3,no,northwest,212.01
18,female,31.9,0,no,northeast,44.12
18,female,36.9,0,no,southeast,32.6
21,female,25.8,0,no,southwest,40.16
61,female,29.1,0,yes,northwest,582.83